COUNTRY,ISO3,INFORM RISK,RISK CLASS,Rank,Lack of Reliability (*),HAZARD & E POSURE,Natural,Earthquake,Flood,Tsunami,Tropical Cyclone,Drought,Epidemic,Human,Projected Conflict Risk,Current Highly Violent Conflict Intensity,VULNERABILITY,Socio-Economic Vulnerability,Development & Deprivation,Inequality,Economic Dependency,Vulnerable Groups,Uprooted people,Health Conditions,Children U5,Recent Shocks,Food Security,Other Vulnerable Groups,LOCC,Institutional,DRR,Governance,Infrastructure,Communication,Physical infrastructure,Access to health care,Life Expectancy(2023),1955,1960,1965,1970,1975,1980,1985,1990,1995,2000,2005,2010,2015
Afghanistan,AFG,8.1,Very0High,4,2.8,8.9,6.8,9.7,7.2,0,0,8.9,7,10,10,10,8.5,7.8,8.5,8.7,5.6,9,10,2,4.4,10,7.2,7.1,7.1,7.3,6.3,8.2,6.9,6.3,6.5,8,65,29,31,33,36,38,40,44,48,52,54,57,60,62
Albania,ALB,3.1,Low,112,2.9,3.8,6.3,9.3,4.7,7.8,0,6.6,4.6,0.1,0.1,0,1.7,2,1.9,1.9,2.3,1.4,2.3,0.2,0.6,0,1,0.5,4.4,5.9,0,5.9,2.5,2.2,1.4,4,79,55,59,65,66,68,70,71,72,72,73,75,76,78
Algeria,DZA,3.6,Medium,91,2.2,3.6,4.7,8.8,5.2,4.6,0,2.4,3.4,2.2,3.1,0,2.9,2.5,3.2,3.2,0.2,3.2,5.3,0.3,1.2,0.1,0,0.4,4.4,5,3.5,6.4,3.8,3.1,4.1,4,77,43,45,47,49,51,55,62,66,67,69,72,74,75
Angola,AGO,4.6,Medium,48,1.7,2.7,3.1,0.1,5.1,0,0,3.7,6.9,2.2,3.2,0,5.1,5.8,8,6.9,0.1,4.3,4.7,4.7,4.9,0,5.1,3.9,6.9,6.3,5.2,7.3,7.4,6.5,7.9,8,61,31,33,34,36,38,40,41,41,42,45,50,56,60
Antigua and Barbuda,ATG,2.2,Low,150,6.2,2,3.7,5.2,0.1,0,8.4,0,3.5,0,0,0,1.5,2,2.4,0,1.2,0.9,0,0.1,0.5,0,5.2,1.8,3.7,5.4,5.4,5.3,1.6,0.9,0.7,3,77,59,61,63,65,67,68,70,71,72,73,74,75,76
Argentina,ARG,2.9,Low,121,3.7,2.4,4.1,6.7,6.5,0,0,4.6,4,0.2,0.3,0,2.8,1.7,1.1,4.4,0,3.8,6.1,0.3,0.6,0.3,0.9,0.5,3.6,4.8,3.8,5.8,2.1,1.4,3,2,77,63,65,65,66,67,69,70,71,72,73,74,75,76
Armenia,ARM,4.6,Medium,48,2.5,8.4,4.4,8.2,4.3,0,0,4.9,5.1,10,0.1,10,2.6,1.6,1.3,1.7,2,3.5,5.6,0.2,0.7,0,1.8,0.7,4.5,6.4,7.5,5.2,1.7,1.6,1.2,2,75,63,65,67,69,71,71,71,68,68,70,72,73,74
Australia,AUS,2.4,Low,141,3.4,2.9,4.8,0.2,5.3,7.2,4.8,6.4,2.2,0.4,0.5,0,2.2,0.5,0,1.8,0,3.7,6,0.1,0.3,0.3,0.8,0.4,2.1,2.4,2.4,2.3,1.8,1.9,3,0,83,69,70,71,71,72,74,75,76,78,79,80,81,82
Austria,AUT,1.9,Very0Low,160,4.5,1.5,2.5,4.2,5.5,0,0,1.9,1.7,0.4,0.5,0,3,0.3,0,1.1,0.1,5,7.7,0.1,0.3,0,0.4,0.2,1.5,2.1,2,2.2,0.8,1.8,0,1,82,67,68,70,70,71,72,73,75,76,78,79,80,81
Azerbaijan,AZE,5.8,High,27,6.4,8.5,4.8,8.8,4.9,0,0,5,5.3,10,4.7,10,5,2.7,2.9,4.3,0.6,6.7,9.2,0.5,1.3,0,1.4,0.8,4.6,6.2,0,6.2,2.5,1.6,2.7,3,73,58,60,62,63,64,64,64,65,65,66,67,70,72
Bahamas,BHS,2.1,Low,153,5.3,1.8,3.3,0.1,0.1,0,8.8,1.5,3.7,0,0,0,1.7,2,1.7,4.5,0.2,1.3,0.8,0.7,0.9,0,4.7,1.8,3.1,3.9,0,3.9,2.2,1.8,2,3,74,60,62,64,65,67,68,69,70,71,72,73,74,75
Bahrain,BHR,1.2,Very0Low,185,5.1,0.5,0.8,0.1,0.1,0,0,0,3.7,0.2,0.3,0,1.1,1.2,1,2.8,0,1,1.2,0.1,0.5,0,2.3,0.8,3,4.4,3.8,5,1.4,1.4,0,3,77,43,48,55,61,65,68,71,72,73,74,75,76,76
Bangladesh,BGD,5.5,High,29,2.1,6.3,8.1,9.2,10,8.2,6.9,3.9,7.5,3.3,4.7,0,5.5,4.8,6.6,4.6,1.2,6.2,7.7,2.6,3.6,5.9,3.6,4,4.9,5,3,7,4.7,4.4,4.6,5,72,41,44,47,49,46,52,54,57,60,64,67,69,71
Barbados,BRB,2,Low,156,5.9,2.1,3.8,5.6,0.1,5.7,4.6,0.5,4.2,0,0,0,1.4,2.3,2.6,3.4,0.5,0.5,0,0.5,0.9,0.6,2,1,2.6,3.3,2.7,3.8,1.8,1.7,0.2,3,79,57,60,62,65,66,68,69,71,72,73,74,75,75
Belarus,BLR,1.8,Very0Low,167,4,1.1,2,0.1,6.2,0,0,1.5,2.2,0.1,0.1,0,1.7,1.1,1.5,0.8,0.6,2.2,3.7,0.5,0.2,0,1.1,0.5,3,4.5,2.8,6.2,1.1,1.4,0.3,2,74,61,66,69,70,71,70,70,71,69,67,68,69,72
Belgium,BEL,1.7,Very0Low,173,4.7,1.1,1.8,3.4,4,0,0,1,1.5,0.3,0.4,0,2.5,0.3,0,0.6,0.4,4.2,6.7,0.1,0.3,0.4,0.1,0.2,1.9,2.8,0,2.8,0.9,2,0,1,82,68,69,70,71,72,73,74,75,76,77,78,80,81
Belize,BLZ,3.9,Medium,79,5.2,3.2,5.5,2.4,8.4,5.3,7.2,2.4,4.3,0,0,0,3.6,4,4.2,5.5,2.1,3.1,3.9,0.8,1,3.7,2.6,2.1,5.2,6.3,0,6.3,3.9,4,3,5,75,56,59,61,64,67,69,70,71,71,69,69,70,70
Benin,BEN,3.8,Medium,83,1.1,1.7,2.9,0.1,5.1,0,0,1,7.5,0.4,0.5,0,4.7,6.2,8.6,5.7,1.9,2.8,2.4,4.2,5.2,0.2,1.9,3.1,6.7,5.6,5.5,5.7,7.5,7,8.3,7,62,34,36,38,41,43,46,48,52,55,55,56,59,60
Bhutan,BTN,3.1,Low,112,4,2,3.5,7.4,5.1,0,0,0,4.9,0.1,0.1,0,3.5,5.3,6.9,4.4,3.1,1.2,0,1.7,2.5,0,4.2,2.2,4.4,4.2,4.5,3.8,4.5,4,4.3,5,72,32,34,35,38,41,44,47,51,55,59,63,67,69
Bolivia,BOL,4,Medium,75,2.5,3.1,4.8,7.7,5.5,0,0,6.5,5.3,0.9,1.3,0,3.8,4.4,5.8,5.1,0.9,3.2,3.5,0.7,1.4,4.4,4.2,2.8,5.3,6.1,5.6,6.6,4.4,2.7,4.8,6,71,40,41,43,45,47,49,51,54,56,59,62,65,68
Bosnia and Herzegovina,BIH,3.5,Medium,94,6.4,2.3,4,6.3,7.1,3.1,0,2.8,2.1,0.1,0.1,0,3.8,2.6,2.9,2,2.6,4.9,7,0.3,0.4,4,1.2,1.6,4.9,6.8,0,6.8,2.3,2.1,1.3,4,77,54,58,62,65,68,70,71,72,70,74,75,76,76
Botswana,BWA,2.9,Low,121,2.8,1.5,2.7,0.1,4.8,0,0,5.6,3.7,0.1,0.1,0,3.6,4.5,5.4,6.7,0.5,2.6,1.2,5.2,3.4,0,5.4,3.8,4.6,5.1,5.6,4.5,4,2.8,4.4,5,69,48,50,52,53,56,59,62,63,60,51,49,57,63
Brazil,BRA,4.5,Medium,55,4,5.7,4,1,8.1,0,0,4.5,6,7,10,7,3.8,3.3,3.7,5.7,0.1,4.3,6.6,0.7,1.1,0.4,1.2,0.9,4.3,5.2,4.3,6.1,3.2,2.2,3.4,4,76,51,53,56,58,60,61,63,64,66,69,71,73,75
Brunei,BRN,1.8,Very0Low,167,6.4,1.4,2.7,0.1,1.4,5,1.9,2.4,4.4,0,0,0,1.1,1.5,1.2,3.4,0,0.6,0,0.8,0.9,0,2.4,1.1,3.5,4.6,6,3.1,2.2,1.3,2.5,3,76,58,61,64,66,68,69,71,72,74,75,76,77,77
Bulgaria,BGR,2.7,Low,127,4.6,2,3.6,6.6,4.9,0,0,2.7,4.8,0.1,0.1,0,3.2,1.8,1.7,3.3,0.3,4.4,6.7,0.2,0.5,0,2.3,0.8,3.2,4.4,3.2,5.5,1.7,2,1.4,2,75,62,67,70,71,71,71,71,71,71,71,72,73,74
Burkina Faso,BFA,7,Very0High,12,2,7.1,3.6,0.1,4.6,0,0,5.6,7.3,9,8.7,9,7.7,7.3,9.6,6.8,3.2,8.1,9.8,3.6,4.8,3.3,4.1,4,6.4,4.7,3.2,6.1,7.7,7.5,9.1,6,61,31,33,36,38,40,43,48,49,49,50,52,55,59
Burundi,BDI,6,High,25,1.8,4.7,3.6,4.9,3.7,0,0,3.9,6.9,5.6,8,0,6.6,7,9.5,5.1,3.9,6.1,7.2,3.4,5.2,0.3,7.5,4.6,6.8,6.2,4.6,7.8,7.3,7.8,7.1,7,61,39,41,42,44,44,46,48,49,47,51,52,54,56
Cambodia,KHM,4.4,Medium,61,3.3,3.5,5.8,0.1,9.5,5.2,4,4.6,6.5,0.3,0.4,0,4,5.9,7.4,6.3,2.3,1.3,0,2.3,3.7,1.2,2.1,2.4,5.9,6.8,6.8,6.8,4.9,3.2,5.8,6,70,40,41,41,42,38,14,45,52,54,56,61,65,68
Cameroon,CMR,6.5,Very0High,19,2.6,7.1,3.6,0.1,6,0,0,3,7.9,9,9.4,9,6.7,5.9,7.9,6.5,1.3,7.3,9.3,4.7,4,0,2.1,2.9,5.9,4.9,2.6,7.1,6.8,5,7.5,8,59,39,40,43,45,47,50,52,53,51,49,51,54,56
Canada,CAN,2.4,Low,141,4.1,2.5,4.3,5.5,5.2,6.9,2.6,2.2,1.4,0.1,0.1,0,2.3,0.4,0,1.6,0,3.8,6.2,0.1,0.4,0.1,0.6,0.3,2.4,2.6,3,2.2,2.2,2.1,3,2,82,69,70,71,72,73,74,76,77,78,79,80,81,82
Cape Verde,CPV,2.4,Low,141,4.4,1,1.8,0.1,0.1,0,0,4.1,4.7,0.1,0.1,0,3.7,4.8,4.7,4.9,5,2.5,0,1.1,1.1,7.8,5.1,4.4,3.8,3.9,3.4,4.3,3.6,3,2.9,5,73,48,49,49,52,55,61,62,64,66,68,71,72,72
Central African Republic,CAF,8.5,Very0High,2,6,8.1,3.2,0.1,5.7,0,0,0.5,8,10,9.8,10,8.7,8.5,10,8.5,5.6,8.8,9.7,8.4,6.3,0.6,9.4,7.2,8.8,8,0,8,9.4,8.8,9.7,10,53,33,36,38,40,44,48,50,49,48,45,44,46,49
Chad,TCD,7.9,Very0High,6,2.6,7.3,4.1,0.1,7.5,0,0,5,7,9,10,9,7.6,7.3,10,6.3,2.8,7.9,9.3,3.4,6.7,0.8,7.8,5.3,8.8,8,0,8,9.4,8.9,9.9,10,54,36,37,39,40,43,44,45,47,47,48,48,49,52
Chile,CHL,3.4,Low,99,4.3,3.8,6.2,9.8,5.6,9.1,0,0.3,2.6,0.1,0.2,0,3.8,1.6,1,4.2,0,5.5,8.1,0.6,0.3,0,1.6,0.6,2.8,3.2,3.2,3.2,2.3,1.4,2.7,3,80,55,56,58,61,64,67,71,73,75,76,77,78,79
China,CHN,3.7,Medium,87,6,5,7.5,7.2,8.4,9.2,8.1,4.6,5.5,0.8,1.2,0,3,2.6,3.7,2.8,0,3.3,5.3,0.4,0.6,0.9,1,0.7,3.3,3.6,2.5,4.6,3,2,3.6,3,77,44,44,45,55,62,66,68,69,70,71,73,75,76
Colombia,COL,5.4,High,30,2.6,6.9,6.7,9.6,6.8,7.9,4.1,1.9,5.5,7,9.4,7,6.2,3.8,3.8,6.5,0.9,7.8,10,0.6,0.9,0.3,2.2,1,3.6,4.3,3,5.5,2.9,1.8,3.4,3,77,51,55,58,60,62,64,67,68,69,70,72,73,74
Comoros,COM,3.7,Medium,87,5.2,1.5,2.8,0.1,0.1,5.5,2.9,0,5.7,0.1,0.1,0,4.6,6.4,7.7,5.1,5,2.2,0,1.9,4.3,0,7.2,3.9,7.1,8,7.8,8.1,5.9,5.8,5.8,6,64,39,40,42,44,47,49,52,55,58,59,60,61,63
Congo,COG,5.1,High,35,3.7,2.8,3.9,0.1,8.6,0,0,1,7.1,1.5,2.1,0,6.5,5.5,7.1,6.8,0.8,7.4,8.8,5.8,3.1,0.7,7.9,5,7.5,7.9,0,7.9,7.1,5.9,8,8,64,56,59,62,65,68,70,73,75,76,77,78,78,79
Costa Rica,CRI,3.5,Medium,94,2.9,3.7,6.1,9.6,3.3,8.7,1.9,1,5,0.1,0.1,0,4.6,2.2,1.8,5,0.3,6.3,8.8,0.4,0.6,2.1,1.8,1.3,2.5,2.9,1.5,4.3,2.1,1.3,1.9,3,80,61,64,66,67,69,70,71,72,73,75,75,76,77
Croatia,HRV,2.6,Low,132,4.4,2.8,4.8,5.9,6.5,7.7,0,3.1,2.1,0.1,0.1,0,2,1.1,1,1.3,1.2,2.8,4.4,0.1,0.4,1.3,1.6,0.9,3.1,4.6,4.4,4.7,1.2,1.8,0.2,2,78,59,62,65,69,71,73,74,75,75,76,77,79,79
Cuba,CUB,2.3,Low,145,4.6,3.3,5.6,5.8,3.6,5.7,8,4.2,5,0.1,0.1,0,1.2,2,1.6,4.1,0.5,0.3,0,0.4,0.5,0.1,1.3,0.6,2.9,4,2.5,5.4,1.6,2.5,1.8,1,79,67,69,70,72,73,74,75,76,77,78,78,79,80
Cyprus,CYP,2.9,Low,121,5.1,2.4,4.3,8.7,0,6.4,0,2.9,2.5,0,0,0,4.1,0.6,0.3,1.4,0.4,6.5,9.1,0.1,0.2,0,2,0.6,2.6,4,0,4,1,1.1,0,2,81,67,70,70,70,70,71,71,71,73,74,76,77,78
Czech Republic,CZE,1.8,Very0Low,167,4.6,0.9,1.7,0.9,5.3,0,0,1.5,1.5,0.1,0.1,0,3.4,0.3,0,1,0.3,5.6,8.3,0.1,0.2,0,1.4,0.4,2,3.2,2.5,3.9,0.6,1.5,0,0,79,39,41,42,43,45,46,47,48,50,49,52,55,58
Democratic Republic of the Congo,COD,7.6,Very0High,7,3.3,7.3,4.4,4.5,7.5,0,0,0,8.3,9,10,9,7.5,6.6,8.9,6.3,2.2,8.2,9.5,5.3,5.7,0.3,8.6,5.7,8.1,7.9,7.5,8.2,8.3,7.3,9.6,8,60,71,72,72,73,74,74,74,75,75,76,77,79,80
Denmark,DNK,1.2,Very0Low,185,3.1,0.7,1.2,0.1,2.3,0,0,2.7,1.7,0.1,0.1,0,2.1,0.2,0,0.6,0.1,3.7,6,0.1,0.3,0,1.3,0.4,1.3,2,2.7,1.2,0.5,1.4,0,0,81,41,43,45,47,51,53,55,56,57,57,57,59,62
Djibouti,DJI,4.8,Medium,43,3.3,3.4,5.5,5.3,0.4,8.5,0,8.1,5.3,0.6,0.9,0,5.4,5.7,7.5,4.1,3.5,5.1,6.3,2.2,5.1,2.5,4.2,3.6,6.1,6.1,5.5,6.7,6,5.3,5.8,7,67,46,50,54,57,60,62,64,67,69,70,71,72,73
Dominican Republic,DOM,4.1,Medium,71,2.4,4.1,6.7,9.7,4.6,6.4,7.9,0.5,5.8,0.1,0.1,0,3.8,3.4,3.7,4.9,1.4,4.2,6.3,1.3,1.7,0.1,2,1.3,4.4,5.5,4.6,6.4,3,2.4,2,5,74,49,52,55,57,59,62,65,68,70,72,74,75,76
Ecuador,ECU,4.6,Medium,48,2.4,4.9,6.9,9.8,6.7,9.2,0,3.7,5,1.9,2.7,0,4.9,3.5,3.8,5.4,0.8,6.1,8.4,0.4,1.1,0.7,4.5,1.8,4,4.6,3,6.2,3.4,2.7,3.1,4,77,41,46,49,52,53,57,60,64,65,68,69,70,71
Egypt,EGY,4.7,Medium,45,2.4,6.1,4.9,4.9,8.1,7.2,0,1.9,3.2,7,10,7,3.8,3.4,4.4,3.8,1.1,4.1,6.4,0.2,1.6,0,0.5,0.6,4.5,5.3,4.2,6.4,3.7,3.4,3.2,4,72,44,48,52,54,56,56,57,62,66,68,70,71,73
El Salvador,SLV,4.3,Medium,65,3.5,3.9,6.4,9.7,3,8.2,3.7,3.7,5.5,0.1,0.2,0,4.4,4.6,5.1,4.3,3.9,4.1,6,1.1,1.1,0.6,2.5,1.4,4.6,5.7,5.2,6.2,3.2,2.3,2.4,5,73,34,36,37,39,41,42,46,47,49,52,54,55,57
Equatorial Guinea,GNQ,3.4,Low,99,6.4,1.7,3,0.1,4.4,0,0,3.4,7.1,0.1,0.2,0,3.3,4.2,6.2,0,0.1,2.2,0,6,3.6,0,5.1,4,7.3,8.1,0,8.1,6.2,5,6.6,7,58,34,37,40,42,44,46,47,49,51,54,57,61,63
Eritrea,ERI,6.2,High,22,9.7,7.1,3.5,3.4,3.1,0,0,6.1,6,9,0.3,9,4.4,6,8.8,0,0.4,2.2,0,1,5.9,0,6.8,4,7.7,8,0,8,7.3,6.7,9.7,6,66,62,67,69,70,70,69,69,70,69,69,72,74,77
Estonia,EST,1.3,Very0Low,184,4.8,0.5,0.9,0.1,3.6,0,0,0,1.2,0,0,0,2.6,0.5,0.2,1.3,0.3,4.3,6.7,0.5,0.2,0,1.7,0.6,1.6,2.5,0,2.5,0.7,1,0.1,1,78,34,37,40,42,44,44,44,46,48,51,54,59,64
Ethiopia,ETH,7,Very0High,12,1.4,7.3,4.4,4.8,5.7,0,0,5.3,7.4,9,10,9,7.1,6.2,9.3,4.7,1.6,7.8,9.1,3,4.2,8.2,6.1,5.8,6.7,4.5,2.9,6.1,8.2,7.2,9.8,8,66,55,57,59,61,63,65,65,66,66,67,68,68,69
Federated States of Micronesia,FSM,3.6,Medium,91,6.9,2.3,4.2,0.1,0.1,8.6,3.8,5.4,2.8,0,0,0,3.9,5.6,5.6,3.8,7.3,1.6,0,4.2,1.9,0,5,3,5,5.6,6,5.2,4.4,5.8,2.7,5,68,52,55,57,59,61,62,64,65,66,67,68,69,70
Fiji,FJI,2.7,Low,127,3.5,2.2,3.9,3.5,0.1,8,3.1,2.5,3.4,0,0,0,3.4,3.2,3.1,3.2,3.4,3.6,0,4,2.1,10,2.1,6.1,2.7,2.3,0.1,4.5,3.1,2,3.1,4,67,66,68,69,70,71,73,74,75,76,77,78,80,81
Finland,FIN,0.9,Very0Low,188,4.6,0.3,0.5,0.1,0.1,0,0,1.5,1.2,0.1,0.1,0,2.1,0.2,0,0.7,0.1,3.6,5.8,0.1,0.2,0,1.4,0.4,1.3,1.7,2.2,1.2,0.8,1.5,0.5,1,82,67,69,71,71,72,74,75,76,77,78,79,81,82
France,FRA,2.3,Low,145,4.4,2.1,3.4,3.3,6.4,5.7,0,1.3,1.6,0.5,0.7,0,3,0.4,0,1.3,0.2,5,7.6,0.2,0.3,0.1,0.6,0.3,1.9,2.8,2.9,2.7,1,2,0.1,1,83,37,39,41,45,49,53,57,61,61,60,59,61,64
Gabon,GAB,3.1,Low,112,3.9,1.4,2.6,0.1,4.8,0,0,1,6.7,0.1,0.1,0,3.4,4.3,5.5,5.2,0.8,2.3,1,5.8,2.3,0,4.2,3.4,6.1,6.8,6.7,6.9,5.2,2.7,6.1,7,66,30,32,33,36,40,44,48,51,53,55,57,59,60
Gambia,GMB,3.7,Medium,87,1.8,1.7,3.1,0.1,3.5,3.6,0,3.2,6.3,0.1,0.1,0,5.4,7.1,8.4,5.5,6.1,3.1,3,2.5,3.2,0.3,5.8,3.2,5.4,4.7,3,6.3,6.1,5.8,5.2,7,62,61,63,65,67,68,70,70,70,70,71,73,73,73
Georgia,GEO,3.4,Low,99,1.7,2.5,4.4,7.9,5.1,0,0,5.1,4.9,0.1,0.2,0,4.8,2.5,1.1,3.4,4.4,6.5,9,0.5,0.6,0.2,2.6,1,3.2,4.4,4.7,4,1.8,1.6,1.3,3,74,68,69,70,71,71,72,74,75,76,77,79,80,80
Germany,DEU,2.1,Low,153,3.4,1.6,2.6,4.3,6.1,0,0,1.5,1.5,0.4,0.5,0,3.8,0.4,0,1.4,0.1,6.1,8.8,0.1,0.2,0,0.7,0.3,1.6,2.5,2.7,2.2,0.7,1.6,0,0,81,42,45,47,49,50,52,53,55,58,57,57,60,62
Ghana,GHA,3.6,Medium,91,1.3,2.3,3.8,0.1,4.9,5.2,0,1.5,7.5,0.4,0.6,0,4.1,5.4,7,5.9,1.6,2.5,3,3.9,3.1,0,0.6,2,4.9,4.5,3.4,5.5,5.3,3.3,6.5,6,64,66,67,69,70,72,73,75,76,77,78,79,80,81
Greece,GRC,2.8,Low,124,3.5,3.5,5.9,9.6,3.1,8.7,0,1.7,4.7,0.1,0.1,0,2.8,0.6,0.2,1.8,0.1,4.5,7,0.2,0.3,0.1,1,0.4,2.3,3.5,2.3,4.6,0.9,1.8,0,1,81,56,59,61,63,65,66,67,68,69,70,71,72,73
Grenada,GRD,1.9,Very0Low,160,5.7,0.9,1.7,3.5,0.1,0,1.7,0.5,3.6,0,0,0,2.2,2.4,2.4,0,2.5,2,1.9,0.1,1.3,0,5.3,2,3.7,4.8,4.7,4.9,2.5,2.5,0.6,5,72,43,45,48,51,54,56,58,61,64,67,69,71,72
Guatemala,GTM,5.1,High,35,2.9,4.2,6.6,9.8,5.1,7.4,4.5,3.8,5.3,0.5,0.7,0,5.7,5.4,6.6,6.1,2.1,6,7.1,1,2.3,8.1,3.9,4.5,5.4,6.3,5.5,7,4.3,3.4,4.3,5,74,33,34,35,36,37,40,43,48,51,52,51,55,58
Guinea,GIN,4.6,Medium,48,2.3,3.3,3.9,0.1,5.1,5.2,0,0.8,8,2.7,3.9,0,4.2,5.2,9.1,1.2,1.5,3,2.2,5.1,5.5,0.4,2.7,3.7,7,6.1,5,7.2,7.8,6.8,7.9,9,61,36,37,39,41,42,44,47,48,50,52,53,54,56
Guinea-Bissau,GNB,3.8,Medium,83,2.2,1.5,2.7,0.1,3.3,1.5,0,2,6.9,0.1,0.2,0,4.8,6.1,9,2.4,3.9,3.2,2,6,5.1,0,4.8,4.3,7.9,7.9,7.8,7.9,7.8,7.1,8.7,8,58,59,60,61,62,62,62,63,63,64,65,65,66,66
Guyana,GUY,3.7,Medium,87,3.3,2.2,3.9,0.1,4.8,6.7,0,4.2,5.3,0.1,0.1,0,4.4,4.2,4.4,6.2,1.8,4.5,6.1,3.5,2.2,2.1,1.6,2.4,5.1,6,0,6,4.1,3.7,4.1,5,70,37,41,44,46,48,50,52,54,55,57,58,60,62
Haiti,HTI,6.5,Very0High,19,2.7,6.4,7,9.7,4.3,6.3,7.2,3.6,7.3,5.8,8.3,0,5.9,6.9,8.2,6.3,4.9,4.6,3.8,2.6,3.4,3.3,9.1,5.4,7.2,7.7,6.7,8.6,6.6,6.4,5.1,8,64,42,45,48,51,54,58,62,65,68,70,71,72,73
Honduras,HND,5.1,High,35,3.1,4,6.5,9.4,5.1,7,4.3,4.6,5.7,0.2,0.3,0,6.2,5.7,6.3,5.7,4.6,6.7,7.5,0.8,1.4,10,3.9,5.8,5.3,6.1,5.2,7,4.4,3.9,3.8,6,75,64,67,69,69,69,70,69,69,69,71,73,74,75
Hungary,HUN,2,Low,156,4.1,2,3.5,2.3,7.5,0,0,2.7,5,0.1,0.1,0,2,1.1,0.9,2.2,0.5,2.8,4.7,0.1,0.3,0,1,0.4,2.1,3.1,1.4,4.8,1,1.6,0.1,1,76,72,73,74,74,74,76,77,78,79,79,81,81,82
Iceland,ISL,1.4,Very0Low,180,4.2,1.2,2.2,7.5,0.1,0,0,0,2.2,0,0,0,1.2,0.2,0,0.6,0.2,2.1,3.7,0.1,0.1,0,0.4,0.2,1.9,2.3,0,2.3,1.4,1.3,2.6,0,83,37,40,43,46,49,53,55,57,59,62,64,66,68
India,IND,5.3,High,31,3.2,7.4,7.7,8.3,8.4,8.1,7.2,6.6,7.5,7,10,0,4.8,4.6,6.6,4.6,0.4,4.9,6.1,3.1,5,0.5,4.5,3.5,4.2,3.5,1.8,5.1,4.8,4.2,4.2,6,69,43,47,50,53,56,58,61,62,64,66,67,68,69
Indonesia,IDN,4.6,Medium,48,1.4,6.7,7.7,8.9,8.1,9.7,6.1,3,7,5.3,7.6,0,3.3,3.2,3.9,4.8,0.1,3.3,4.4,2.5,2.9,0.4,1.9,2,4.4,4.3,3.3,5.3,4.4,2.4,4,7,72,41,44,46,49,53,57,52,60,67,69,71,73,75
Iran,IRN,5.1,High,35,3.7,6.7,6.8,9.6,6.4,6.9,1.8,6,6.4,6.6,9.4,0,4.4,2.5,2.3,5.1,0.1,5.9,8.3,0.1,1,3,1.4,1.4,4.6,5.9,4.4,7.3,3,1.8,3.6,4,77,38,45,51,56,60,62,59,64,67,69,69,68,69
Iraq,IRQ,6.6,Very0High,18,5.7,7.8,6,5.4,9.5,0,0,7.2,6.9,9,10,9,5.8,4,5.1,4.4,1.2,7.1,8.8,0.4,1.4,8.1,4,4.2,6.5,8.1,8.4,7.7,3.9,3.1,3.1,6,71,67,69,70,71,71,72,73,74,75,76,78,80,81
Ireland,IRL,1.6,Very0Low,176,4.2,1.3,2.3,0.1,3.9,5.8,0,0.5,1.5,0.1,0.1,0,2,0.3,0,1.3,0,3.5,5.9,0.2,0.2,0,0,0.1,1.7,2.3,0,2.3,1.1,1.9,0.5,1,82,69,70,71,72,73,74,75,76,77,78,80,81,82
Israel,ISR,2.8,Low,124,6.2,5.9,4.6,7.3,2.3,6.2,0,5.3,4,7,1.1,7,1.7,0.7,0,2.5,0.1,2.6,4.5,0,0.3,0,0,0.1,2.2,3.5,0,3.5,0.6,1.3,0,1,83,67,68,70,71,72,74,75,76,77,79,80,82,82
Italy,ITA,2.6,Low,132,3.5,3,5.1,8.6,5.4,7.4,0,1.9,2.1,0.1,0.2,0,2.6,0.6,0.2,1.8,0.1,4.2,6.7,0.2,0.2,0,0.8,0.3,2.2,3.4,2.4,4.3,0.7,1.7,0,0,83,32,35,39,42,46,49,52,53,51,47,49,52,54
Ivory Coast,CIV,4.5,Medium,55,2.1,2.5,3.9,0.1,5.6,4.6,0,1,7.9,0.9,1.3,0,5.6,5.7,8.1,5.8,0.7,5.4,7.1,5.3,4.4,0,1.2,3,6.6,7,7.8,6.2,6.1,3.5,7.4,7,57,59,63,66,68,69,71,72,72,72,72,73,74,75
Jamaica,JAM,3.1,Low,112,5.5,3.2,5.4,9.1,3.1,0,7.2,2.9,5.2,0.1,0.2,0,2.5,4.1,4,5.3,2.9,0.6,0,0.9,0.8,0,2.7,1.2,3.6,4.1,3.3,4.9,3,2.8,1.9,4,74,63,66,69,71,73,75,77,79,79,81,82,83,83
Japan,JPN,2.2,Low,150,4.6,5.4,8.1,10,3.9,10,10,0.5,3.5,0.1,0.2,0,1.3,0.4,0,1.7,0,2.1,3.1,0.1,0.5,0.1,2.8,0.9,1.5,2.1,1.9,2.3,0.8,1.1,0.1,1,84,47,51,55,58,62,65,67,69,70,71,72,73,74
Jordan,JOR,4.2,Medium,68,3.3,2.7,4.1,7.7,2.6,0,0,6.7,3.9,1,1.4,0,6.2,3.6,2.2,4.1,5.9,7.9,10,0.1,0.9,0,4.8,1.7,4.4,5.6,6.1,5,2.9,2.6,2.4,4,74,55,57,60,62,63,64,66,67,65,63,65,66,69
Kazakhstan,KAZ,1.8,Very0Low,167,3.3,2.4,4.2,6.5,6,0,0,6.1,3.8,0.1,0.1,0,0.7,1,1.2,1.6,0,0.3,0,0.6,0.6,0.2,0.4,0.5,3.7,4.7,3.8,5.5,2.5,1.3,3.5,3,73,42,45,48,51,54,56,59,59,56,52,53,60,65
Kenya,KEN,6.7,Very0High,17,2.4,8.5,5.1,3.2,5.6,6,0,6.9,6.4,10,9.8,10,6.1,5.4,7.3,5.4,1.7,6.7,7.9,3.5,2.9,5.7,7.1,5,5.8,5.2,3.9,6.4,6.4,4.5,8.1,7,66,46,48,51,53,56,57,57,59,62,63,65,65,66
Kiribati,KIR,3.4,Low,99,6.3,2,3.7,0.1,0.1,8.7,0,3.8,4.4,0,0,0,3.9,5.2,6.3,0.7,7.6,2.4,0,8.9,2.7,0,0.8,4.3,5.2,5.5,0,5.5,4.8,5,3.7,6,68,54,58,62,65,67,69,70,72,72,73,73,74,74
Kuwait,KWT,1.8,Very0Low,167,4.8,1,1.6,0.2,1.3,0,0,3.4,3.7,0.3,0.4,0,1.5,1.8,1.9,3.2,0,1.2,1.8,0.2,0.7,0,1,0.5,3.7,5.5,0,5.5,1.3,0.8,1.6,1,75,53,55,57,60,61,62,64,66,66,66,67,67,70
Kyrgyzstan,KGZ,3.1,Low,112,2.2,2.9,5,8.6,5.6,0,0,6,5.2,0.1,0.2,0,2.3,3.2,2.5,3,4.9,1.2,1,1.5,0.9,0.2,2.3,1.3,4.3,5.2,3.7,6.7,3.2,2.2,3.3,4,71,41,42,44,45,48,50,52,55,58,60,63,65,67
Laos,LAO,3.9,Medium,79,2.7,2.9,4.9,3.1,9.1,0,3.3,2.7,6.3,0.3,0.4,0,3.5,4.9,6.7,4.8,1.5,1.9,1.6,1.6,4.1,0.4,2.2,2.2,5.9,6.5,6.1,6.8,5.2,4.3,4.8,6,68,62,68,70,70,70,69,69,70,68,69,71,72,74
Latvia,LVA,1.9,Very0Low,160,4,1.1,2.1,0.1,6.5,0,0,2.4,1.2,0,0,0,2.5,1.1,0.7,2.4,0.6,3.7,5.9,0.5,0.3,0,1,0.5,2.5,3.7,0,3.7,1.2,1.5,0.7,2,75,60,62,64,65,67,68,68,70,71,73,76,78,79
Lebanon,LBN,4.5,Medium,55,3.9,3.2,5.2,9.6,1.2,7.2,0,1.9,3.7,0.5,0.7,0,6.4,4.3,3.1,3.6,7.4,7.8,10,0.1,0.5,0,3.1,1,4.4,6.1,4.7,7.5,2.2,2.4,0.5,4,79,42,45,48,49,50,52,55,57,60,53,46,49,53
Lesotho,LSO,3.9,Medium,79,2.7,1.5,2.6,0.1,3,0,0,6.6,3.2,0.2,0.3,0,5.8,6.3,7.3,6.2,4.4,5.2,1.1,7.3,4.6,8.4,8.8,7.6,6.8,7.5,8.4,6.5,6,5.5,6.5,6,54,33,34,35,38,41,45,47,47,48,53,52,58,61
Liberia,LBR,4.7,Medium,45,1.9,2.3,4,0.1,6.2,5.5,0,0.5,7.4,0.1,0.2,0,5.9,7.3,8.9,5.7,5.5,4.1,2.4,5.8,4.2,0,8.6,5.5,7.8,7.5,0,7.5,8,7.9,7.7,9,64,61,67,70,71,71,71,71,72,70,70,72,72,74
Libya,LBY,6.2,High,22,7.7,8.2,3.7,1.9,2.6,7.3,0,5,3.1,10,3.9,10,4,2.8,3.4,3.4,1,5.1,7.6,0.5,1.8,0,1,0.8,7.1,8.7,0,8.7,4.4,6.3,3.5,3,73,66,68,69,70,70,71,73,74,76,77,78,80,81
Lithuania,LTU,1.7,Very0Low,173,4.6,0.8,1.5,0.1,4.7,0,0,2.4,1,0,0,0,2.6,0.8,0.4,2.2,0.3,4.1,6.5,0.3,0.3,0,0.6,0.3,2.2,3.4,0,3.4,0.8,1.3,0.4,1,76,37,39,47,53,58,62,66,68,69,70,71,72,71
Luxembourg,LU0,1,Very0Low,187,5.1,0.5,0.8,0.2,2,0,0,1,1.4,0.1,0.1,0,1.9,0.5,0,1.6,0.5,3.2,5.3,0.1,0.2,0,1.1,0.4,1.1,1.6,0,1.6,0.6,1,0.1,1,82,36,39,41,44,46,48,50,50,53,57,60,62,65
Madagascar,MDG,5.3,High,31,2.4,3.9,6.2,0.1,7.2,7.8,7.4,4.7,7,0.4,0.5,0,5.3,6.2,8.7,4.4,2.9,4.2,1.7,4.2,4.6,2.9,9.4,6.1,7.1,6,4.7,7.2,7.9,6.7,9.4,8,67,36,37,38,40,42,44,46,46,47,47,47,53,61
Malawi,MWI,4.6,Medium,48,1.2,2.7,4.6,6.5,5.3,0,0.7,5.7,6.6,0.2,0.3,0,5.5,6.5,8.6,5.5,3.4,4.3,5,6,2.8,0.7,4,3.6,6.4,5.3,4,6.6,7.3,8,7.5,6,64,55,58,61,63,65,67,69,70,71,72,73,74,75
Malaysia,MYS,3,Low,119,5.3,3,4.9,2.3,6.6,7.1,2.9,3.2,5.6,0.4,0.5,0,3,1.8,1.8,3.7,0,4.1,6.2,0.7,1.9,0.3,1.8,1.2,3,3.4,2.6,4.1,2.6,1.4,2.9,4,76,34,36,39,42,46,51,55,59,64,68,72,76,76
Maldives,MDV,2.4,Low,141,5.1,1.7,3.1,0.1,0.1,9,0,0,2.7,0,0,0,2,2.6,2.4,3,2.5,1.3,0,0.4,1.9,0.1,5.7,2.4,4,5.8,5.8,5.7,1.7,1.9,0.1,3,79,27,28,29,31,34,38,42,45,47,47,50,54,56
Mali,MLI,6.9,Very0High,14,0.7,7.3,4.4,0.1,6.9,0,0,7.3,6.8,9,9.2,9,6.8,7,9.4,5.9,3.4,6.6,7.7,3.8,5.5,7.8,2.1,5.2,6.6,6.1,4.9,7.2,7,6.5,6.3,8,59,66,68,69,71,72,73,74,75,77,78,78,79,80
Malta,MLT,1.9,Very0Low,160,5,1.3,2.4,0.1,0.1,7.7,0,0,2.7,0,0,0,2.2,0.6,0.1,1.9,0.3,3.5,5.6,0.4,0.5,0,1.1,0.5,2.3,3.8,0,3.8,0.5,1.4,0,0,82,39,42,45,48,50,53,56,58,59,60,60,61,63
Mauritania,MRT,4.9,Medium,42,2.9,3.2,5.4,0.8,7.5,4.6,0,8.7,5.8,0.2,0.3,0,5.6,6,8.1,5.2,2.5,5.2,6.8,1.2,4.4,3.4,2.5,3,6.5,5.9,4.8,6.9,7.1,6,7.1,8,65,50,56,61,63,64,66,68,68,70,70,72,73,74
Mauritius,MUS,2.1,Low,153,4.5,2.1,3.7,0.1,0.1,6.8,7,0.8,3.7,0.1,0.1,0,1.6,2.4,1.9,3.8,1.8,0.7,0,1.4,1.3,0,2.3,1.3,2.7,3.6,3.2,4,1.8,2,0.2,3,74,51,55,59,60,63,65,68,70,72,74,75,76,76
Mexico,ME0,5.1,High,35,2.4,6.9,6.8,8.6,7.2,6.6,7.7,3.3,5.4,7,10,7,4.3,3.3,3.9,4.7,0.5,5.1,7.6,0.8,1.1,0,1.4,0.8,4.4,5.6,5.1,6.1,3,2.3,3,4,75,43,46,51,54,56,57,57,60,61,62,64,66,68
Mongolia,MNG,2.6,Low,132,3.3,1.6,2.9,2.4,4.3,0,0,6.7,1.7,0.1,0.1,0,2.3,3.7,4.4,3.1,2.8,0.7,0,2.7,0.8,0.6,1.5,1.4,4.6,5.6,5.1,6.1,3.5,1.9,5.4,3,70,60,62,66,68,71,73,74,74,75,73,73,74,76
Montenegro,MNE,2.7,Low,127,2.9,2.4,4.2,5.8,4.4,7.7,0,1.9,2.4,0.1,0.1,0,2.6,2.2,2,2.2,2.5,2.9,4.8,0.2,0.5,0,1,0.4,3.2,4.6,4,5.2,1.5,1,0.7,3,77,46,47,50,52,54,56,60,63,66,68,70,73,75
Morocco,MAR,3.5,Medium,94,2.9,2.7,4.6,4.8,5.8,6.7,0,5.2,3.6,0.3,0.4,0,3.4,4.5,5.9,4.9,1.2,2.2,3.5,0.5,1,0,0.7,0.6,4.6,5.6,5.6,5.6,3.5,2.5,3.5,4,77,31,34,36,38,40,42,41,42,44,47,50,53,56
Mozambique,MOZ,7.2,Very0High,9,2.9,7.8,5.9,3.8,6.3,6,5.2,6.5,6.8,9,10,9,7.8,7.5,9.3,7.2,4.3,8,8.8,8.2,4.4,5.9,7.8,6.8,6.2,4.5,2.1,6.9,7.5,7.5,8,7,60,44,50,52,54,56,58,56,58,60,61,63,64,66
Myanmar,MMR,6.8,Very0High,16,2.7,9.2,7.8,9.1,9.9,8.9,5.6,1,6.7,10,9.6,10,5.5,5.1,7.4,3.9,1.6,5.8,7.9,3,3.8,0.1,1.7,2.3,6.1,7.1,7.1,7.1,4.8,3.7,5.2,6,67,42,45,48,51,54,57,58,61,62,58,54,55,62
Namibia,NAM,4,Medium,75,3.8,2.7,4.7,0.1,6.1,0,0,9.4,5,0.1,0.1,0,4.9,5.6,7,7.2,1,4,4.2,5.9,3,0,4.6,3.7,5,4.7,4.3,5,5.2,4.1,6.6,5,63,34,35,36,39,42,45,48,52,56,61,64,67,69
Nepal,NPL,4.4,Medium,61,2.1,3.6,5.8,9.9,6.7,0,0.2,3.3,6.6,0.5,0.7,0,4.4,5.6,7.1,4,4.1,2.9,3.6,2.4,3.8,0.8,1.6,2.2,5.5,6.1,5.4,6.8,4.8,4.2,4.4,6,71,72,73,73,74,74,75,76,77,77,78,79,80,81
Netherlands,NLD,1.5,Very0Low,179,3.7,1.1,2,2.4,5.8,0,0,0.5,1.9,0.1,0.1,0,2.5,0.3,0,0.9,0.1,4.3,6.7,0.1,0.3,0,1.4,0.5,1.3,1.7,1.7,1.6,0.8,1.6,0.1,1,82,70,71,71,71,72,73,74,74,76,78,79,80,81
New Zealand,NZL,1.6,Very0Low,176,4,2.5,4.5,7,3.8,7,2.9,1.7,2.3,0,0,0,0.9,0.4,0,1.6,0,1.3,2,0.1,0.4,0,1.4,0.5,1.8,2.1,2.6,1.5,1.5,1.5,2,1,82,42,45,49,52,55,58,60,62,66,69,71,73,74
Nicaragua,NIC,4.4,Medium,61,4.5,4.2,6.7,9.5,5.1,8.1,3.6,4.1,6.2,0.2,0.3,0,3.7,5.2,6,5.5,3.2,1.8,0.8,1.1,1.1,3.4,4.5,2.7,5.3,6,4.7,7.2,4.5,3.9,5.1,5,74,35,35,35,36,36,38,40,42,45,48,51,55,59
Niger,NER,7.5,Very0High,8,2.7,7.3,4.4,0.1,7.4,0,0,6.5,7.1,9,9.5,9,7.6,7.6,10,5.9,4.3,7.5,8,3.7,6.7,10,3.3,7,7.5,5.9,5.2,6.6,8.6,8.6,9.7,7,62,34,36,38,40,42,44,46,46,46,46,47,50,52
Nigeria,NGA,6.4,High,21,1.8,7.3,4.1,0.1,8,0,0,1,8.3,9,10,9,5.8,4.9,8.2,2.5,0.8,6.5,8.1,5.3,6.5,0.1,3.4,4.2,6.3,5.1,2.7,7.4,7.2,5.8,6.6,9,54,38,50,52,57,62,65,67,69,70,63,68,68,71
North Korea,PRK,4.3,Medium,65,7.7,3.1,5.2,4.9,7.4,4.6,6.5,4,2.8,0.3,0.4,0,3.9,4.7,7,0,0.1,2.9,0,3.9,1.7,0.1,9.2,5,6.4,8.1,0,8.1,3.7,7,3.4,1,72,73,73,73,74,74,75,76,76,77,78,79,81,82
Norway,NOR,0.9,Very0Low,188,3.8,0.3,0.6,0.8,0.1,0,0,1.5,1.1,0,0,0,1.9,0.2,0,0.7,0.1,3.4,5.6,0.1,0.2,0,1,0.3,1.5,1.8,2.3,1.3,1.2,1.7,1.9,0,83,36,41,45,49,52,57,62,66,68,71,73,75,76
Oman,OMN,2.6,Low,132,4.1,2.9,5,0.1,3.7,9.2,3.2,3.4,5.6,0.1,0.1,0,1.6,1.9,1.7,4.1,0,1.2,1.1,0.1,1.7,0,3.2,1.3,3.7,4.8,0,4.8,2.5,1.2,3.5,3,78,37,43,47,51,54,56,58,59,61,62,63,64,66
Pakistan,PAK,6.1,High,24,2,7.2,7.4,9.3,8.8,6.7,3.8,4.8,7.9,7,10,0,5.8,5.3,7.8,4.2,1.2,6.2,8,1.6,5.1,0.5,4.7,3.2,5.4,5.4,4,6.7,5.4,5.9,4.8,6,67,57,60,62,64,67,69,71,72,74,75,76,76,77
Panama,PAN,3.9,Medium,79,2.9,3.8,6.2,9.3,3,9.1,2.4,1.3,5.4,0.1,0.1,0,3.8,2.4,1.7,5.8,0.4,5,7.5,0.8,0.9,0.4,1.6,0.9,4.1,5,4.3,5.7,3,2,3.8,3,78,38,41,43,47,50,54,57,58,60,61,63,64,65
Papua New Guinea,PNG,5.9,High,26,5.6,5.1,6.7,9.7,5,8.6,2.6,2.5,6.5,2.9,4.1,0,5.5,6.2,8.1,7,1.7,4.6,4.8,5.5,4.8,0.2,6,4.4,7.3,6.8,6.7,6.8,7.8,6.8,9.6,7,64,63,63,65,65,66,67,67,68,69,69,71,72,73
Paraguay,PRY,2.6,Low,132,3,1.4,2.6,0.1,4.8,0,0,3.5,5.4,0.1,0.2,0,2.9,3.5,4.1,5.3,0.5,2.3,3.1,1.2,0.9,0.4,2.8,1.4,4.2,5.1,3.7,6.5,3.2,2.1,3,5,74,44,46,49,52,56,59,62,64,67,69,72,73,74
Peru,PER,4.8,Medium,43,2.2,4.6,7,9.9,6.4,9.3,0,4.3,5.3,0.8,1.2,0,5.5,3.4,4.1,5,0.4,7,9.4,0.7,0.8,0.1,2.4,1,4.4,4.8,3.6,6,3.9,2.1,4.4,5,77,55,57,59,60,61,62,63,65,66,67,67,68,69
Philippines,PHL,5.2,High,34,3,7.8,8.4,10,7.2,9.3,9.5,4.1,6.4,7,9.2,7,4.4,3.8,4.4,5,1.2,4.9,5.1,3.8,3.1,7.9,1.6,4.6,4.1,4.7,3.5,5.8,3.4,2.4,2.7,5,71,61,66,68,70,70,70,71,71,71,73,75,76,77
Poland,POL,2.5,Low,139,5.5,1.3,2.3,1.3,6.1,0,0,2.7,2.1,0.1,0.1,0,3.9,0.6,0.4,1.4,0.3,6.1,8.8,0.1,0.3,0,0.7,0.3,3,4.3,4.3,4.3,1.4,1.8,0,2,78,60,62,64,66,68,70,73,74,75,76,78,79,81
Portugal,PRT,2,Low,156,3.2,1.9,3.4,3.7,3.7,6.2,0.3,2.9,2,0.1,0.1,0,2.1,0.8,0.7,1.5,0.1,3.2,5.3,0.3,0.2,0,0.8,0.3,2,3,2.6,3.4,0.8,1.8,0,1,81,55,59,63,67,70,72,73,75,75,76,77,77,78
Qatar,QAT,1.4,Very0Low,180,4,0.9,1.7,0.1,0,1.6,0,4.3,3.1,0.1,0.1,0,1,1.2,1,2.5,0.1,0.8,1.1,0.3,0.4,0,1.4,0.5,2.9,4.1,4.7,3.5,1.6,1.2,0.2,4,80,43,47,50,52,54,55,57,57,55,52,52,58,63
Romania,ROU,2.7,Low,127,3.3,2.3,4.1,6.6,7,0,0,2.7,4.7,0.1,0.2,0,2.5,1.6,1.4,3.1,0.6,3.4,5.6,0.5,0.5,0,0.4,0.4,3.4,4.7,3.8,5.6,1.8,1.7,0.9,3,75,61,63,68,67,69,70,70,70,70,70,71,73,75
Russia,RUS,4.1,Medium,71,4.3,4.4,5.7,5.1,8.4,5.5,3.8,6.1,3.2,2.7,3.9,0,3.6,1.5,1.5,2.9,0.1,5.3,8,0.4,0.4,0,0.9,0.4,4.3,6,0,6,2,0.9,3.6,1,73,59,65,68,68,68,68,67,69,67,66,65,67,70
Rwanda,RWA,4.5,Medium,55,1.2,3,3.5,4.5,4.4,0,0,4.2,6.1,2.4,3.4,0,5.9,6.4,8.1,5.1,4.2,5.4,6.3,3.6,2.4,0.1,8.3,4.4,5,3.8,3,4.5,6,6,6.1,6,69,40,42,43,44,45,46,50,48,24,45,51,60,65
Saint Lucia,LCA,2.3,Low,145,6.4,1.4,2.6,4.3,0.1,0,4.7,0.5,4.6,0,0,0,2.3,3.5,3,6,2.1,0.9,0,0.1,1.3,0.1,4.9,1.8,3.9,4.9,5.2,4.6,2.7,3.1,0.8,4,76,52,55,59,62,64,67,70,71,71,71,72,74,75
Saint Vincent and the Grenadines,VCT,2.3,Low,145,5.9,1.4,2.6,5.1,0.1,0,4.3,0.5,4.1,0,0,0,2.6,3.4,3.2,0,3.8,1.7,0,0.2,1.1,6.7,2.7,3.1,3.5,4.4,0,4.4,2.4,3.4,0.8,3,72,51,55,61,64,66,67,68,70,70,71,71,72,73
Samoa,WSM,3.1,Low,112,6.1,2,3.6,4.3,0.1,6.9,4.4,0.5,3,0,0,0,3.4,5.3,3.7,4.1,9.5,1,0,4.9,1.1,0,1.3,2,4.2,4.4,4.6,4.1,4,3.8,2.1,6,73,46,48,51,53,56,59,61,63,66,68,70,72,74
São Tomé and Príncipe,STP,2.6,Low,132,2.7,0.7,1.3,0.1,0.1,0,0,0,5.7,0,0,0,4.8,5.8,6.5,5.6,4.6,3.7,0,3.2,1.2,10,4.4,6.2,5.3,5.9,0,5.9,4.7,4.2,4.5,5,70,46,49,52,54,57,60,61,61,62,63,64,65,66
Saudi Arabia,SAU,3.5,Medium,94,3.8,8.1,3.1,2.3,3.7,0,0,5,5.7,10,1.5,10,1.6,1.3,0.9,3.4,0,1.8,3.1,0.1,0.5,0,1,0.4,3.4,4.7,0,4.7,1.9,1.2,3.2,1,75,42,44,47,50,55,61,65,68,70,72,73,73,74
Senegal,SEN,4.2,Medium,68,0.9,2.6,4.4,0.1,4.8,6.4,0,6.1,6.2,0.3,0.4,0,5,6.4,8.5,5.2,3.2,3.1,4.1,1.9,3.1,0,2.4,1.9,5.5,5.1,4.7,5.4,5.8,5.3,5.6,6,68,35,37,39,38,41,47,51,56,58,57,59,62,66
Serbia,SRB,2.8,Low,124,2.5,2.5,4.4,5.5,8.9,0,0,2.9,3.9,0.1,0.1,0,2.4,1.5,1.3,2.1,1.4,3.2,5.1,0.1,0.3,0,2.4,0.8,3.7,5.3,4.9,5.6,1.7,1.6,1.2,2,76,59,62,64,67,69,70,70,71,72,72,72,73,75
Seychelles,SYC,1.9,Very0Low,160,5.4,1.6,2.9,0.1,0.1,8.6,0,0,2.8,0,0,0,1.4,1.5,1.9,1.8,0.5,1.2,0,0.1,1,0,6.2,2.3,2.9,3.9,4.3,3.5,1.7,0.9,0.8,3,73,58,59,63,64,67,69,70,71,71,71,72,72,73
Sierra Leone,SLE,4.4,Medium,61,1.8,2.2,3.9,0.1,4.6,5.8,0,1,7.9,0.1,0.2,0,5.8,7.1,9.1,5.7,4.3,4.1,2.8,6.6,5.5,0,6.8,5.2,6.8,5.2,3.5,6.8,8,7.6,8.2,8,54,29,30,31,33,37,40,41,39,36,37,41,46,50
Singapore,SGP,0.5,Very0Low,191,5,0.5,0.9,0.1,0.1,0,0,0,4.3,0.1,0.1,0,0.3,0.2,0,0.9,0,0.4,0,0.4,0.2,0,1.9,0.7,1,1.1,1.2,0.9,0.9,1.1,0,2,83,60,64,66,67,69,71,73,75,77,78,79,81,82
Slovakia,SVK,2.2,Low,150,4.2,1.5,2.8,4.2,6.7,0,0,1.5,2,0.1,0.1,0,2.6,0.9,0.8,1.3,0.5,4.1,6.4,0.1,0.4,0,2.4,0.8,2.6,3.9,3.4,4.4,1.1,1.5,0.1,2,77,64,69,71,70,70,70,71,71,72,73,74,75,76
Slovenia,SVN,1.6,Very0Low,176,3.3,1.9,3.4,6.1,4,5.7,0,0.5,1.5,0,0,0,1.3,0.2,0,0.4,0.2,2.3,3.8,0.1,0.2,0,1.6,0.5,1.6,2.2,0.9,3.5,0.9,1.4,0.1,1,81,66,68,69,69,70,71,71,73,74,75,77,79,80
Solomon Islands,SLB,4.5,Medium,55,6.5,3.5,5.9,8.4,0.1,8.7,4.1,3.2,5.9,0,0,0,4,5.7,6.7,3,6.4,1.7,0,4.4,2.6,0,4.8,3.2,6.5,6.5,6.6,6.3,6.5,5.7,7.8,6,73,45,48,50,53,56,58,59,56,58,61,65,67,70
Somalia,SOM,8.7,Very0High,1,5,8.9,6.9,1.6,7.5,8.1,1,10,6.4,10,10,10,8.6,7.2,8.7,2.9,8.4,9.5,10,2.1,8.8,10,9.8,8.8,8.6,9,0,9,8.2,7.4,7.5,10,57,34,36,38,40,42,44,45,46,45,50,51,53,55
South Africa,ZAF,5.3,High,31,1.6,6.8,5.1,2,5,4.9,0.4,9.1,4.7,8,7.9,8,5.4,4.2,4.5,7.5,0.3,6.4,6.2,5.8,1.9,10,2.5,6.5,4,4.5,3.9,5,3.4,1.9,3.7,5,64,49,51,53,55,57,57,58,61,62,59,54,53,59
South Korea,KOR,1.9,Very0Low,160,5.7,3.5,5.9,7.3,4.7,7.6,8.5,0.3,3,0.1,0.2,0,1.2,0.4,0,1.3,0.1,1.9,3.2,0.3,0.2,0,0.8,0.3,1.6,2.3,1.5,3,0.8,1.2,0,1,83,48,51,55,59,63,65,67,70,73,75,77,79,81
South Sudan,SSD,8.5,Very0High,2,7.5,7.3,4.1,2.8,7.1,0,0,3.5,7.3,9,10,9,8.8,8.6,9.7,4.8,10,8.9,10,6.6,6.9,6.4,7.7,6.9,9.4,9.3,0,9.3,9.5,9.5,9.6,10,58,28,31,33,35,37,39,39,42,45,48,50,52,55
Spain,ESP,2.3,Low,145,3,2.4,4,3.5,5.4,7,0,3.9,2.3,0.4,0.6,0,2.7,0.4,0,1.6,0.1,4.5,7,0.3,0.2,0,1.1,0.4,1.8,2.9,2.2,3.6,0.5,1.3,0,0,83,65,68,70,71,73,74,76,77,78,79,80,81,83
Sri Lanka,LKA,3.3,Low,106,3,3.3,5.2,0.1,6.1,8.5,3.6,3.8,5.7,0.8,1.2,0,2.7,3,3.2,4.5,1.1,2.4,3.3,0.3,2.6,1,1.8,1.5,4,4.7,3.6,5.7,3.2,2.8,2.7,4,77,55,58,60,63,65,67,69,69,70,69,73,74,75
Sudan,SDN,7.1,Very0High,10,3.2,7.3,4.2,0.1,8,0,0,5.3,6.5,9,10,9,7.2,6.2,8.5,4.8,2.8,8,9.9,1.6,5.9,0.9,3.6,3.3,6.7,6.5,4.9,8,6.9,6.2,8.3,6,65,45,47,49,51,53,54,54,55,56,58,59,62,64
Suriname,SUR,3.2,Low,109,3.5,2.3,4,0.1,8.6,3.2,0,1.5,5.7,0.1,0.1,0,3,3.5,3.6,5.8,0.8,2.4,2.8,0.6,1.5,2.3,2.9,1.9,4.9,6.1,0,6.1,3.5,1.7,3.7,5,72,56,59,61,62,64,65,67,67,68,68,68,70,71
Sweden,SWE,1.4,Very0Low,180,3.7,0.6,1.1,0.1,3.2,0,0,1,1.7,0.1,0.2,0,2.9,0.2,0,0.8,0.1,4.9,7.5,0.1,0.2,0.1,1.7,0.5,1.5,2.1,2.5,1.6,0.8,1.4,0.9,0,83,72,73,74,74,75,75,76,77,78,79,80,81,82
Switzerland,CHE,1.4,Very0Low,180,5.1,1.3,2.3,5.1,4.3,0,0,1,1.9,0.1,0.1,0,2.5,0.3,0,1.2,0.1,4.2,6.6,0.1,0.3,0,1.2,0.4,0.9,1.1,0.9,1.3,0.6,1.4,0,0,84,69,71,72,73,74,75,76,77,78,79,81,82,83
Syria,SYR,6.9,Very0High,14,8.3,7.8,5.9,7.8,5.2,5.6,0,7.8,6.1,9,10,9,7.8,6.5,6.1,6.4,7.3,8.7,10,0.4,2,10,3.1,5.7,5.5,6.6,4.6,8.6,4.1,4.3,2.9,5,72,48,51,53,57,61,64,67,70,71,73,74,74,70
Tajikistan,TJK,4.1,Medium,71,3.7,3.7,5.8,9.3,5.4,0,0,7.6,6.2,0.9,1.3,0,3.8,4.6,5,3.3,5,2.9,4.1,1.4,2.1,0.1,2.4,1.5,4.9,5.8,4.6,7,3.8,3,4.4,4,71,53,55,57,59,61,62,63,64,62,64,66,69,70
Tanzania,TZA,5.8,High,27,1.5,5.7,5.2,4.8,5.8,5.9,0.8,5.1,7,6.1,8.7,0,5.5,5.9,8.3,5.7,1.2,5.1,6.2,5.1,3.5,0,5.4,3.8,6.2,4.9,3.5,6.3,7.2,6,8.3,7,65,41,43,44,46,48,50,51,51,50,50,54,59,63
Thailand,THA,4,Medium,75,3.1,5.6,6.1,2.1,8.8,7.2,4.9,5.7,5.6,5,7.2,0,3,2.1,2.2,3.7,0.2,3.8,5.5,1,1.2,1.2,2.9,1.6,3.9,5.1,4.7,5.5,2.5,1.3,1.9,4,77,51,53,56,58,61,63,66,70,70,70,71,73,75
Timor-Leste,TLS,4,Medium,75,3,2.6,4.5,6.3,1.7,6,3.6,2,5.8,0.1,0.1,0,4.4,5.3,7.5,0.9,5.1,3.4,0,4.9,5.2,5.7,6.8,5.7,5.8,6.4,6.3,6.4,5.1,4.6,5.3,6,69,30,32,35,37,40,31,40,46,50,57,61,66,68
Togo,TGO,4.1,Medium,71,1.3,1.8,3.1,0.1,4.3,0,0,3,7.5,0.3,0.4,0,5,6.2,8,6,2.8,3.5,3.5,3.8,4.2,0.2,4.8,3.4,7.5,8,9.2,6.7,7,6.1,7.7,7,61,35,39,42,45,48,51,54,55,56,54,54,56,59
Tonga,TON,3.8,Medium,83,6.5,3,5.2,7.7,0.1,8,6.2,0.5,4,0,0,0,4.4,5.2,3.5,3.9,10,3.5,0,2.1,0.6,10,4.2,5.9,4.2,5.3,5.8,4.7,2.8,3.3,0.4,5,71,59,60,62,64,66,67,68,69,70,71,71,72,73
Trinidad and Tobago,TTO,2.6,Low,132,5.9,1.7,3.2,6.3,0.3,0,2.4,3.1,5,0,0,0,3.3,2.1,1.8,4.3,0.3,4.4,6.7,0.4,1.2,0,2.4,1,3.3,4.9,4.4,5.3,1.4,1.6,0.3,2,73,58,61,64,65,65,67,67,68,68,68,69,69,70
Tunisia,TUN,3,Low,119,2.1,2.7,4.4,5.7,3.8,7.5,0,4.1,2.7,0.6,0.9,0,2.1,2.4,2.5,2.9,1.8,1.8,3.1,0.3,0.9,0.1,0.1,0.4,4.7,6,6.4,5.5,3.1,2.7,2.4,4,77,39,41,44,48,54,59,64,67,70,72,74,75,75
Turkey,TUR,4.7,Medium,45,4.9,6.6,6.1,9.7,5.7,7,0,2.4,6,7,9.7,7,4.8,1.9,1.6,4.2,0.3,6.8,9.4,0.1,0.5,0.4,0,0.3,3.2,3.9,2.1,5.7,2.4,2.1,1.9,3,77,41,44,47,51,54,57,60,63,65,68,71,73,75
Turkmenistan,TKM,2.7,Low,127,4.1,2.1,3.7,3.3,6.4,0,0,4.3,5.6,0.1,0.2,0,1.6,1.5,2.3,0,0,1.6,2.5,0.3,2,0,0,0.6,5.9,7.7,0,7.7,3.2,2.6,3.3,4,68,51,53,56,58,59,60,62,63,63,63,64,66,67
Uganda,UGA,7.1,Very0High,10,2.2,7.4,4.5,4,5.1,0,0,6.3,7.9,9,8.8,9,6.8,6.2,8.2,5.8,2.6,7.3,8.8,6,2.5,1.3,7.7,4.9,7,6.8,0,6.8,7.1,6.4,8.5,6,63,40,43,45,48,49,49,49,47,45,45,50,55,59
Ukraine,UKR,5.1,High,35,5.9,5.4,3.1,2.5,7.1,0,0,2.7,4,7,7.5,7,5.4,1.6,1.3,1.7,2.1,7.7,10,1,0.6,0,1.8,0.9,4.5,6.3,0,6.3,2,1.5,1.4,3,72,62,67,70,71,71,70,69,71,69,67,67,68,71
United Arab Emirates,ARE,1.7,Very0Low,173,3.2,2.4,4.2,0.1,3.8,7,1.8,5,5.5,0.1,0.1,0,1.2,0.3,0.2,0.7,0,2,3.1,0.1,0.5,0,2.4,0.8,1.8,2.4,2.1,2.7,1.2,0.4,1.8,1,78,44,50,55,60,63,66,69,71,72,74,75,76,77
United Kingdom,GBR,1.9,Very0Low,160,4.4,1.8,2.4,0.6,4.8,4.9,0,1,1.5,1.1,1.5,0,2.4,0.5,0,2.1,0,3.9,6.2,0.1,0.3,0,1.1,0.4,1.6,2.2,2.1,2.2,0.9,1.6,0,1,81,69,71,71,72,72,73,74,75,76,77,78,80,81
United States,USA,3.2,Low,109,3.9,4.6,6.6,7.9,6.4,7.9,7.6,4.4,4,1.7,2.4,0,3.1,0.9,0,3.4,0,4.8,7.5,0.3,0.3,0,0,0.2,2.2,3,3,2.9,1.4,1.9,0.9,1,79,69,70,70,70,71,73,74,75,76,76,77,78,79
Uruguay,URY,1.8,Very0Low,167,3.3,0.9,1.7,0.3,3.9,0,0,2,3.1,0,0,0,2.5,1.8,1.7,3.8,0,3.2,5.2,0.5,0.5,0,1.2,0.6,2.6,3.6,4,3.1,1.5,1.3,2.4,1,78,66,67,68,69,69,70,71,72,73,74,75,76,77
Uzbekistan,UZB,3.4,Low,99,5.6,3.2,5.3,8.1,6.3,0,0,6.6,6.1,0.3,0.4,0,3.1,3.3,3.6,3.8,2,2.8,4.6,0.4,0.9,0.1,0.8,0.6,3.8,4.6,2.6,6.6,2.8,2,2.9,3,72,56,58,60,62,63,64,65,67,66,67,68,69,71
Vanuatu,VUT,4.2,Medium,68,5.3,3.3,5.6,7.7,0.1,8.5,4.5,5,4.4,0,0,0,4,5.3,5.8,1.8,7.9,2.4,0,3.6,2.3,7.1,3,4.3,5.6,5.6,5.4,5.7,5.5,4.9,5.5,6,70,42,45,48,51,54,57,60,62,64,66,68,70,71
Venezuela,VEN,5,High,41,9,6.6,6.2,9.2,5.6,6.8,4.6,2.2,6,7,5.9,7,3.8,3.7,3.8,6.4,0.8,3.9,4.4,1.3,1.9,2.5,6.6,3.4,5,5.6,2.5,8.6,4.3,2.9,3.7,6,72,55,58,61,63,66,67,69,69,70,72,73,73,74
Vietnam,VNM,3.4,Low,99,2.7,4.7,7.4,4.1,10,7.4,7.9,4.1,6.8,0.2,0.3,0,2,3.2,4.4,3.3,0.7,0.7,0,1.1,2.1,0.8,1.5,1.4,4,4.8,4.2,5.4,3.1,1.7,3.1,4,75,54,57,60,62,58,66,68,70,71,73,74,75,76
Yemen,YEM,8.1,Very0High,4,6.7,8.4,4.3,2.1,4.8,5.5,0,4.3,7.1,10,10,10,8.1,7.5,8.7,6.5,6.1,8.6,10,1.5,6.8,0.4,8.6,5.3,7.9,8.8,8.5,9,6.7,5.8,7.6,7,66,35,35,35,39,43,48,53,57,59,60,61,63,64
Zambia,ZMB,4.3,Medium,65,1.9,2.2,3.7,2.8,5.5,0,0,4.8,6.5,0.4,0.5,0,6,6.3,7.8,7.6,1.8,5.6,5.5,7,3.7,4,7,5.6,5.9,5.1,3.5,6.6,6.6,5.3,8.1,6,64,42,44,46,48,50,51,50,47,44,44,47,53,60
Zimbabwe,ZWE,4.5,Medium,55,1.6,3,4.9,2.2,6,0,0.4,9.4,4.8,0.6,0.8,0,5.4,6,7.1,6.7,3,4.7,4,5.3,3.2,0.5,8.8,5.3,5.8,5.1,2.6,7.6,6.5,5,7.8,7,61,49,51,52,54,56,58,61,60,55,47,44,48,58
